"Project Name","Website URL","For Sale","Project ID","Region","Commodities"
"Goldin Rock Properties - British Columbia","https://www.miningpropertymaps.com/projects/sub-001","Yes","sub-001","British Columbia, Canada",""
"Alaska - Nikolai Nickel Copper Cobalt & Port Snettisham Projects","https://www.miningpropertymaps.com/projects/ak-001","No","ak-001","Alaska, USA","Nickel, Copper, Cobalt, Platinum, Gold, Gallium, Tin"
"Alberta","https://www.miningpropertymaps.com/projects/bc-002","No","bc-002","Alberta, Canada","Uranium"
"TR Copper-Molybdenum Prospect - Arizona","https://www.miningpropertymaps.com/projects/az-001","Yes","az-001","Arizona, USA","Copper, Molybdenum, Porphyry, For Sale"
"Australia / New Zealand","https://www.miningpropertymaps.com/projects/sk-004","Yes","sk-004","Australia / New Zealand","Copper, Lithium, Nickel, Gold, Uranium"
"British Columbia","https://www.miningpropertymaps.com/projects/bc-005","Yes","bc-005","British Columbia, Canada","Gold, Copper, Silver, Placer, GIS, Land Management"
"Little Fort Polymetallic Claim","https://www.miningpropertymaps.com/projects/bc-241","Yes","bc-241","British Columbia, Canada","Copper, Zinc, Gold"
"California","https://www.miningpropertymaps.com/projects/sk-006","Yes","sk-006","California, USA","Gold"
"Finland","https://www.miningpropertymaps.com/projects/sk-007","No","sk-007","Finland","Gold, Investment"
"Manitoba","https://www.miningpropertymaps.com/projects/sk-008","No","sk-008","Manitoba, Canada","Prospecting, Geology"
"Nevada","https://www.miningpropertymaps.com/projects/sk-009","No","sk-009","Nevada, USA","Gold, Silver"
"Newfoundland","https://www.miningpropertymaps.com/projects/sk-010","Yes","sk-010","Newfoundland, Canada","Rare Earth Elements"
"NWT","https://www.miningpropertymaps.com/projects/nt-011","Yes","nt-011","NWT & Nunavut, Canada","Lithium, Uranium, Prospecting, Pegmatite"
"Ontario","https://www.miningpropertymaps.com/projects/sk-012","Yes","sk-012","Ontario, Canada","Au, Cu"
"Quebec","https://www.miningpropertymaps.com/projects/sk-013","Yes","sk-013","Quebec, Canada","Lithium"
"Saskatchewan","https://www.miningpropertymaps.com/projects/sk-014","No","sk-014","Saskatchewan, Canada","Uranium, Saskatchewan"
"Brazil","https://www.miningpropertymaps.com/projects/sk-016","No","sk-016","Brazil","Claim Staking, Brazil"
"Wyoming","https://www.miningpropertymaps.com/projects/sk-017","No","sk-017","Wyoming","Mining Claims, Wyoming"
"Yukon","https://www.miningpropertymaps.com/projects/sk-018","No","sk-018","Yukon, Canada","Prospecting, Yukon, Gold"
"Nunavut","https://www.miningpropertymaps.com/projects/sk-020","No","sk-020","Nunavut, Canada","Prospecting, Nunavut"
"Barkerville","https://www.miningpropertymaps.com/projects/sk-021","Yes","sk-021","Barkerville, Canada","Prospecting, Barkerville"
"Lexington","https://www.miningpropertymaps.com/projects/sub-002","No","sub-002","Lexington, Canada","Prospecting, Lexington"
"Texas","https://www.miningpropertymaps.com/projects/sk-023","No","sk-023","Texas, USA","Mineral Claims, Texas"
"Cripple Creek, Alaska","https://www.miningpropertymaps.com/projects/sk-024","Yes","sk-024","Cripple Creek, Alaska, USA",""
"Woodchopper Gold Claim","https://www.miningpropertymaps.com/projects/sub-003","Yes","sub-003","yukon, Alaska","Gold"
"Mt. McQuillan Property - British Columbia","https://www.miningpropertymaps.com/projects/sub-004","Yes","sub-004","British Columbia, Canada","Gold, Silver, Copper, Lead, Zinc"
"Lightning Peak Property - British Columbia","https://www.miningpropertymaps.com/projects/sub-005","Yes","sub-005","British Columbia, Canada","Gold, Silver, Lead, Zinc, Copper"
"Babs Property - British Columbia","https://www.miningpropertymaps.com/projects/sub-006","Yes","sub-006","British Columbia, Canada","Copper, Gold, Silver, Molybdenum, Porphyry"
"The Polley Property - British Columbia","https://www.miningpropertymaps.com/projects/sub-007","Yes","sub-007","British Columbia, Canada","Copper, Gold, Silver, Porphyry"
"Tripple Creek Gold Mine - Nome, Alaska","https://www.miningpropertymaps.com/projects/ak-002","Yes","ak-002","Alaska, USA","Gold, Placer, Aggregate, Alaska"
"Ferroux Property - British Columbia","https://www.miningpropertymaps.com/projects/sub-008","Yes","sub-008","British Columbia, Canada","Gold, Silver, Copper, Zinc, Intrusive-Related"
"Prepared Devonian Trilobites - Alnif, Morocco","https://www.miningpropertymaps.com/projects/ma-001","Yes","ma-001","Drâa-Tafilalet, Morocco","Fossils, Trilobites, Devonian, Morocco, For Sale"
"Cleveland-Delano Project - Nevada","https://www.miningpropertymaps.com/projects/nv-001","Yes","nv-001","Elko County, Nevada, USA","Silver, Lead, Zinc, CRD, Polymetallic, Nevada, For Sale"
"Natural Ruby 2.01ct (Untreated) - Mozambique","https://www.miningpropertymaps.com/projects/mz-001","Yes","mz-001","Mozambique","Gemstones, Ruby, Corundum, Untreated, Certified, Mozambique, For Sale"
"BHA Gold Project - Bahia, Brazil","https://www.miningpropertymaps.com/projects/br-001","Yes","br-001","Bahia, Brazil","Gold, Quartz, Orogenic Gold, Reserve, Shovel Ready, Open Pit, Underground, Brazil, For Sale"
"Elk Creek Gold Placer Claims - Baker County, Oregon","https://www.miningpropertymaps.com/projects/or-001","Yes","or-001","Oregon, USA","Gold, Placer Gold, Nuggets, Oregon, Baker County, Auburn District, BLM Claims, For Sale"
"Sword & Gossan - Newfoundland","https://www.miningpropertymaps.com/projects/nl-001","Yes","nl-001","Newfoundland, Canada","Gold, Copper, Nickel, Cobalt, Platinum, PGE, Newfoundland, For Sale"
"Mertz Island - Sitka Sound, Alaska","https://www.miningpropertymaps.com/projects/ak-003","Yes","ak-003","Alaska, USA","Alaska, Private Island, Waterfront, Sitka Sound, Off-Grid, Turnkey, For Sale"
"Arizona Patented Gold & Metals Mine - La Paz County","https://www.miningpropertymaps.com/projects/az-002","Yes","az-002","Arizona, USA","Gold, Silver, Patented Claims, Arizona, La Paz County, Estate Sale, For Sale"
"8 Above Pup Placer Gold Claims - Dawson City, Yukon","https://www.miningpropertymaps.com/projects/yt-001","Yes","yt-001","Yukon, Canada","Gold, Placer Gold, Yukon, Klondike, Dawson City, Water License, Bulk Sampling, For Sale"